Acción,Archivo Original,Tamaño Original (MB),Tiempo de Proceso (s),Tamaño Final (MB)
Codificar,e1,52,30.9137,29
Decodificar,e1,29,17.3488,52
Codificar,e1,52,30.9198,29
Decodificar,e1,29,17.3204,52
Codificar,e1,52,30.9346,29
Decodificar,e1,29,17.3856,52
Codificar,e1,52,30.9137,29
Decodificar,e1,29,17.3653,52
Codificar,e1,52,30.9174,29
Decodificar,e1,29,17.429,52
Codificar,e1,52,30.9417,29
Decodificar,e1,29,17.291,52
Codificar,e1,52,30.898,29
Decodificar,e1,29,17.3072,52
Codificar,e1,52,30.9423,29
Decodificar,e1,29,17.3665,52
Codificar,e1,52,30.9431,29
Decodificar,e1,29,17.2797,52
Codificar,e1,52,30.9644,29
Decodificar,e1,29,17.3547,52
Codificar,e1,52,30.8856,29
Decodificar,e1,29,17.3481,52
Codificar,e1,52,30.9446,29
Decodificar,e1,29,17.4023,52
Codificar,e1,52,30.9479,29
Decodificar,e1,29,17.331,52
Codificar,e1,52,30.9024,29
Decodificar,e1,29,17.3697,52
Codificar,e1,52,30.905,29
Decodificar,e1,29,17.3218,52
Codificar,e1,52,30.8872,29
Decodificar,e1,29,17.4343,52
Codificar,e1,52,30.9084,29
Decodificar,e1,29,17.3092,52
Codificar,e1,52,30.8807,29
Decodificar,e1,29,17.3008,52
Codificar,e1,52,30.8997,29
Decodificar,e1,29,17.339,52
Codificar,e1,52,30.9321,29
Decodificar,e1,29,17.2968,52
Codificar,e2,104,61.7981,60
Decodificar,e2,60,35.1927,104
Codificar,e2,104,61.7303,60
Decodificar,e2,60,35.0435,104
Codificar,e2,104,61.8116,60
Decodificar,e2,60,34.7763,104
Codificar,e2,104,61.8407,60
Decodificar,e2,60,34.8668,104
Codificar,e2,104,61.7017,60
Decodificar,e2,60,34.8031,104
Codificar,e2,104,61.6924,60
Decodificar,e2,60,34.7944,104
Codificar,e2,104,61.722,60
Decodificar,e2,60,34.8048,104
Codificar,e2,104,61.8158,60
Decodificar,e2,60,34.7712,104
Codificar,e2,104,61.7429,60
Decodificar,e2,60,34.7606,104
Codificar,e2,104,61.6788,60
Decodificar,e2,60,34.8006,104
Codificar,e2,104,61.7511,60
Decodificar,e2,60,34.8899,104
Codificar,e2,104,61.6672,60
Decodificar,e2,60,34.8497,104
Codificar,e2,104,61.7739,60
Decodificar,e2,60,34.8844,104
Codificar,e2,104,61.7354,60
Decodificar,e2,60,35.2961,104
Codificar,e2,104,61.7727,60
Decodificar,e2,60,34.7623,104
Codificar,e2,104,61.7946,60
Decodificar,e2,60,34.8446,104
Codificar,e2,104,61.7258,60
Decodificar,e2,60,34.762,104
Codificar,e2,104,61.6934,60
Decodificar,e2,60,35.202,104
Codificar,e2,104,61.8063,60
Decodificar,e2,60,34.7459,104
Codificar,e2,104,61.6996,60
Decodificar,e2,60,34.7803,104
Codificar,e3,209,123.065,119
Decodificar,e3,119,69.298,209
Codificar,e3,209,123.039,119
Decodificar,e3,119,70.0692,209
Codificar,e3,209,123.104,119
Decodificar,e3,119,69.3828,209
Codificar,e3,209,122.931,119
Decodificar,e3,119,69.1587,209
Codificar,e3,209,123.104,119
Decodificar,e3,119,69.5941,209
Codificar,e3,209,122.959,119
Decodificar,e3,119,69.2384,209
Codificar,e3,209,122.912,119
Decodificar,e3,119,69.1247,209
Codificar,e3,209,122.877,119
Decodificar,e3,119,69.2503,209
Codificar,e3,209,123.046,119
Decodificar,e3,119,69.961,209
Codificar,e3,209,122.96,119
Decodificar,e3,119,69.4478,209
Codificar,e3,209,123.151,119
Decodificar,e3,119,69.2053,209
Codificar,e3,209,122.882,119
Decodificar,e3,119,69.1649,209
Codificar,e3,209,123.015,119
Decodificar,e3,119,69.7526,209
Codificar,e3,209,122.882,119
Decodificar,e3,119,69.1619,209
Codificar,e3,209,122.871,119
Decodificar,e3,119,69.4331,209
Codificar,e3,209,122.963,119
Decodificar,e3,119,69.272,209
Codificar,e3,209,122.843,119
Decodificar,e3,119,69.2082,209
Codificar,e3,209,122.901,119
Decodificar,e3,119,69.4206,209
Codificar,e3,209,122.93,119
Decodificar,e3,119,70.1055,209
Codificar,e3,209,122.973,119
Decodificar,e3,119,69.315,209
