Acción,Archivo Original,Tamaño Original (MB),Tiempo de Proceso (s),Tamaño Final (MB)
Codificar,dna1,52,24.7585,14
Decodificar,dna1,14,8.47028,52
Codificar,dna1,52,24.7315,14
Decodificar,dna1,14,8.56689,52
Codificar,dna1,52,24.7984,14
Decodificar,dna1,14,8.48584,52
Codificar,dna1,52,24.7543,14
Decodificar,dna1,14,8.48153,52
Codificar,dna1,52,24.7419,14
Decodificar,dna1,14,8.46699,52
Codificar,dna1,52,24.7488,14
Decodificar,dna1,14,8.49683,52
Codificar,dna1,52,24.7843,14
Decodificar,dna1,14,8.47842,52
Codificar,dna1,52,24.7649,14
Decodificar,dna1,14,8.56419,52
Codificar,dna1,52,24.7717,14
Decodificar,dna1,14,8.47719,52
Codificar,dna1,52,24.7636,14
Decodificar,dna1,14,8.478,52
Codificar,dna1,52,24.7323,14
Decodificar,dna1,14,8.48213,52
Codificar,dna1,52,24.8859,14
Decodificar,dna1,14,8.47359,52
Codificar,dna1,52,24.749,14
Decodificar,dna1,14,8.472,52
Codificar,dna1,52,24.7443,14
Decodificar,dna1,14,8.51886,52
Codificar,dna1,52,24.7322,14
Decodificar,dna1,14,8.47541,52
Codificar,dna1,52,24.748,14
Decodificar,dna1,14,8.49822,52
Codificar,dna1,52,24.7572,14
Decodificar,dna1,14,8.53305,52
Codificar,dna1,52,24.774,14
Decodificar,dna1,14,8.46782,52
Codificar,dna1,52,24.7363,14
Decodificar,dna1,14,8.46791,52
Codificar,dna1,52,24.7321,14
Decodificar,dna1,14,8.47395,52
Codificar,dna2,104,48.5796,28
Decodificar,dna2,28,16.89,104
Codificar,dna2,104,48.3277,28
Decodificar,dna2,28,16.8438,104
Codificar,dna2,104,48.338,28
Decodificar,dna2,28,16.9231,104
Codificar,dna2,104,48.338,28
Decodificar,dna2,28,16.8558,104
Codificar,dna2,104,48.3113,28
Decodificar,dna2,28,16.9563,104
Codificar,dna2,104,48.3145,28
Decodificar,dna2,28,16.8584,104
Codificar,dna2,104,48.3453,28
Decodificar,dna2,28,16.8984,104
Codificar,dna2,104,48.3178,28
Decodificar,dna2,28,16.8737,104
Codificar,dna2,104,48.3435,28
Decodificar,dna2,28,16.9311,104
Codificar,dna2,104,48.3547,28
Decodificar,dna2,28,16.8646,104
Codificar,dna2,104,48.3449,28
Decodificar,dna2,28,16.8368,104
Codificar,dna2,104,48.3347,28
Decodificar,dna2,28,16.9245,104
Codificar,dna2,104,48.3291,28
Decodificar,dna2,28,16.8392,104
Codificar,dna2,104,48.2904,28
Decodificar,dna2,28,16.8335,104
Codificar,dna2,104,48.3045,28
Decodificar,dna2,28,16.9337,104
Codificar,dna2,104,48.7212,28
Decodificar,dna2,28,17.0504,104
Codificar,dna2,104,48.6894,28
Decodificar,dna2,28,16.8401,104
Codificar,dna2,104,48.2938,28
Decodificar,dna2,28,16.9448,104
Codificar,dna2,104,48.292,28
Decodificar,dna2,28,16.9916,104
Codificar,dna2,104,48.3104,28
Decodificar,dna2,28,16.9136,104
Codificar,dna3,209,95.631,57
Decodificar,dna3,57,33.7649,209
Codificar,dna3,209,96.0688,57
Decodificar,dna3,57,34.1061,209
Codificar,dna3,209,95.6605,57
Decodificar,dna3,57,33.8633,209
Codificar,dna3,209,95.4388,57
Decodificar,dna3,57,33.7583,209
Codificar,dna3,209,95.4188,57
Decodificar,dna3,57,33.7793,209
Codificar,dna3,209,95.5084,57
Decodificar,dna3,57,34.0386,209
Codificar,dna3,209,95.6379,57
Decodificar,dna3,57,33.7599,209
Codificar,dna3,209,95.5043,57
Decodificar,dna3,57,33.7918,209
Codificar,dna3,209,95.5354,57
Decodificar,dna3,57,33.7497,209
Codificar,dna3,209,95.5152,57
Decodificar,dna3,57,33.9725,209
Codificar,dna3,209,95.5259,57
Decodificar,dna3,57,33.9978,209
Codificar,dna3,209,95.5803,57
Decodificar,dna3,57,33.762,209
Codificar,dna3,209,95.5514,57
Decodificar,dna3,57,33.986,209
Codificar,dna3,209,95.5388,57
Decodificar,dna3,57,34.1328,209
Codificar,dna3,209,95.4962,57
Decodificar,dna3,57,33.8282,209
Codificar,dna3,209,95.5054,57
Decodificar,dna3,57,33.7486,209
Codificar,dna3,209,95.6586,57
Decodificar,dna3,57,34.0145,209
Codificar,dna3,209,95.4619,57
Decodificar,dna3,57,34.4814,209
Codificar,dna3,209,95.464,57
Decodificar,dna3,57,33.7574,209
Codificar,dna3,209,95.4895,57
Decodificar,dna3,57,33.7661,209
