Acción,Archivo Original,Tamaño Original (MB),Tiempo de Proceso (s),Tamaño Final (MB)
Comprimir,dna1,52,77.1356,14
Descomprimir,temp_comprimido_1.lzw,14,13.7421,52
Comprimir,dna1,52,76.7336,14
Descomprimir,temp_comprimido_2.lzw,14,13.6828,52
Comprimir,dna1,52,77.2247,14
Descomprimir,temp_comprimido_3.lzw,14,13.7085,52
Comprimir,dna1,52,77.3368,14
Descomprimir,temp_comprimido_4.lzw,14,13.766,52
Comprimir,dna1,52,77.0833,14
Descomprimir,temp_comprimido_5.lzw,14,13.6615,52
Comprimir,dna1,52,76.9599,14
Descomprimir,temp_comprimido_6.lzw,14,13.6657,52
Comprimir,dna1,52,76.9634,14
Descomprimir,temp_comprimido_7.lzw,14,13.7202,52
Comprimir,dna1,52,76.911,14
Descomprimir,temp_comprimido_8.lzw,14,13.7697,52
Comprimir,dna1,52,76.8881,14
Descomprimir,temp_comprimido_9.lzw,14,13.7888,52
Comprimir,dna1,52,77.3665,14
Descomprimir,temp_comprimido_10.lzw,14,13.7092,52
Comprimir,dna1,52,77.1869,14
Descomprimir,temp_comprimido_11.lzw,14,13.6966,52
Comprimir,dna1,52,77.3654,14
Descomprimir,temp_comprimido_12.lzw,14,13.6879,52
Comprimir,dna1,52,77.018,14
Descomprimir,temp_comprimido_13.lzw,14,13.6597,52
Comprimir,dna1,52,76.7597,14
Descomprimir,temp_comprimido_14.lzw,14,13.7692,52
Comprimir,dna1,52,76.6266,14
Descomprimir,temp_comprimido_15.lzw,14,13.7046,52
Comprimir,dna1,52,77.1513,14
Descomprimir,temp_comprimido_16.lzw,14,13.6828,52
Comprimir,dna1,52,76.6707,14
Descomprimir,temp_comprimido_17.lzw,14,13.7011,52
Comprimir,dna1,52,76.7281,14
Descomprimir,temp_comprimido_18.lzw,14,13.6811,52
Comprimir,dna1,52,77.0135,14
Descomprimir,temp_comprimido_19.lzw,14,13.6882,52
Comprimir,dna1,52,77.0962,14
Descomprimir,temp_comprimido_20.lzw,14,764.053,52
Comprimir,dna2,104,121.771,29
Descomprimir,temp_comprimido_1.lzw,29,16.1287,104
Comprimir,dna2,104,90.0057,29
Descomprimir,temp_comprimido_2.lzw,29,17.7369,104
Comprimir,dna2,104,90.5294,29
Descomprimir,temp_comprimido_3.lzw,29,18.323,104
Comprimir,dna2,104,90.7733,29
Descomprimir,temp_comprimido_4.lzw,29,17.7232,104
Comprimir,dna2,104,91.8199,29
Descomprimir,temp_comprimido_5.lzw,29,18.4218,104
Comprimir,dna2,104,90.4331,29
Descomprimir,temp_comprimido_6.lzw,29,18.3993,104
Comprimir,dna2,104,97.0586,29
Descomprimir,temp_comprimido_7.lzw,29,18.397,104
Comprimir,dna2,104,100.569,29
Descomprimir,temp_comprimido_8.lzw,29,16.2134,104
Comprimir,dna2,104,91.6453,29
Descomprimir,temp_comprimido_9.lzw,29,18.257,104
Comprimir,dna2,104,91.948,29
Descomprimir,temp_comprimido_10.lzw,29,18.3116,104
Comprimir,dna2,104,90.1931,29
Descomprimir,temp_comprimido_11.lzw,29,17.9803,104
Comprimir,dna2,104,100.123,29
Descomprimir,temp_comprimido_12.lzw,29,17.8121,104
Comprimir,dna2,104,97.5423,29
Descomprimir,temp_comprimido_13.lzw,29,17.8533,104
Comprimir,dna2,104,95.5769,29
Descomprimir,temp_comprimido_14.lzw,29,17.8295,104
Comprimir,dna2,104,90.4771,29
Descomprimir,temp_comprimido_15.lzw,29,17.8075,104
Comprimir,dna2,104,91.3834,29
Descomprimir,temp_comprimido_16.lzw,29,16.1077,104
Comprimir,dna2,104,90.1716,29
Descomprimir,temp_comprimido_17.lzw,29,17.6546,104
Comprimir,dna2,104,90.24,29
Descomprimir,temp_comprimido_18.lzw,29,18.8432,104
Comprimir,dna2,104,95.624,29
Descomprimir,temp_comprimido_19.lzw,29,16.2584,104
Comprimir,dna2,104,91.7718,29
Descomprimir,temp_comprimido_20.lzw,29,18.1148,104
Comprimir,dna3,209,180.657,58
Descomprimir,temp_comprimido_1.lzw,58,33.5168,209
Comprimir,dna3,209,183.644,58
Descomprimir,temp_comprimido_2.lzw,58,35.8731,209
Comprimir,dna3,209,200.7,58
Descomprimir,temp_comprimido_3.lzw,58,36.9782,209
Comprimir,dna3,209,199.472,58
Descomprimir,temp_comprimido_4.lzw,58,32.1698,209
Comprimir,dna3,209,180.68,58
Descomprimir,temp_comprimido_5.lzw,58,36.0333,209
Comprimir,dna3,209,180.519,58
Descomprimir,temp_comprimido_6.lzw,58,36.0826,209
Comprimir,dna3,209,190.705,58
Descomprimir,temp_comprimido_7.lzw,58,36.6228,209
Comprimir,dna3,209,201.137,58
Descomprimir,temp_comprimido_8.lzw,58,36.8334,209
Comprimir,dna3,209,181.114,58
Descomprimir,temp_comprimido_9.lzw,58,35.9896,209
Comprimir,dna3,209,182.277,58
Descomprimir,temp_comprimido_10.lzw,58,36.0437,209
Comprimir,dna3,209,189.443,58
Descomprimir,temp_comprimido_11.lzw,58,36.2824,209
Comprimir,dna3,209,200.977,58
Descomprimir,temp_comprimido_12.lzw,58,36.7032,209
Comprimir,dna3,209,180.527,58
Descomprimir,temp_comprimido_13.lzw,58,35.851,209
Comprimir,dna3,209,180.45,58
Descomprimir,temp_comprimido_14.lzw,58,36.0319,209
Comprimir,dna3,209,196.022,58
Descomprimir,temp_comprimido_15.lzw,58,34.9535,209
Comprimir,dna3,209,200.031,58
Descomprimir,temp_comprimido_16.lzw,58,36.454,209
Comprimir,dna3,209,188.531,58
Descomprimir,temp_comprimido_17.lzw,58,36.0715,209
Comprimir,dna3,209,180.059,58
Descomprimir,temp_comprimido_18.lzw,58,32.1531,209
Comprimir,dna3,209,198.305,58
Descomprimir,temp_comprimido_19.lzw,58,36.3593,209
Comprimir,dna3,209,200.333,58
Descomprimir,temp_comprimido_20.lzw,58,35.2944,209
