Acción,Archivo Original,Tamaño Original (MB),Tiempo de Proceso (s),Tamaño Final (MB)
Comprimir,e1,52,57.8415,23
Descomprimir,temp_comprimido_1.lzw,23,11.5592,52
Comprimir,e1,52,52.2945,23
Descomprimir,temp_comprimido_2.lzw,23,10.4178,52
Comprimir,e1,52,51.8484,23
Descomprimir,temp_comprimido_3.lzw,23,11.4653,52
Comprimir,e1,52,51.4989,23
Descomprimir,temp_comprimido_4.lzw,23,11.5007,52
Comprimir,e1,52,51.5431,23
Descomprimir,temp_comprimido_5.lzw,23,11.5708,52
Comprimir,e1,52,52.0363,23
Descomprimir,temp_comprimido_6.lzw,23,11.4651,52
Comprimir,e1,52,52.1246,23
Descomprimir,temp_comprimido_7.lzw,23,11.6377,52
Comprimir,e1,52,52.1175,23
Descomprimir,temp_comprimido_8.lzw,23,11.6055,52
Comprimir,e1,52,52.4169,23
Descomprimir,temp_comprimido_9.lzw,23,11.6906,52
Comprimir,e1,52,57.7985,23
Descomprimir,temp_comprimido_10.lzw,23,11.6693,52
Comprimir,e1,52,57.4369,23
Descomprimir,temp_comprimido_11.lzw,23,11.8214,52
Comprimir,e1,52,52.6208,23
Descomprimir,temp_comprimido_12.lzw,23,12.1392,52
Comprimir,e1,52,51.6582,23
Descomprimir,temp_comprimido_13.lzw,23,10.4229,52
Comprimir,e1,52,52.5369,23
Descomprimir,temp_comprimido_14.lzw,23,11.5471,52
Comprimir,e1,52,52.384,23
Descomprimir,temp_comprimido_15.lzw,23,11.5146,52
Comprimir,e1,52,52.5374,23
Descomprimir,temp_comprimido_16.lzw,23,11.5339,52
Comprimir,e1,52,52.0135,23
Descomprimir,temp_comprimido_17.lzw,23,10.4212,52
Comprimir,e1,52,51.832,23
Descomprimir,temp_comprimido_18.lzw,23,10.4146,52
Comprimir,e1,52,51.6095,23
Descomprimir,temp_comprimido_19.lzw,23,11.5638,52
Comprimir,e1,52,52.5403,23
Descomprimir,temp_comprimido_20.lzw,23,12.0555,52
Comprimir,e2,104,156.856,46
Descomprimir,temp_comprimido_1.lzw,46,22.9212,104
Comprimir,e2,104,104.659,46
Descomprimir,temp_comprimido_2.lzw,46,21.3677,104
Comprimir,e2,104,104.299,46
Descomprimir,temp_comprimido_3.lzw,46,20.9654,104
Comprimir,e2,104,103.175,46
Descomprimir,temp_comprimido_4.lzw,46,20.7989,104
Comprimir,e2,104,103.764,46
Descomprimir,temp_comprimido_5.lzw,46,22.9788,104
Comprimir,e2,104,103.231,46
Descomprimir,temp_comprimido_6.lzw,46,22.8795,104
Comprimir,e2,104,103.135,46
Descomprimir,temp_comprimido_7.lzw,46,22.8769,104
Comprimir,e2,104,103.586,46
Descomprimir,temp_comprimido_8.lzw,46,20.8322,104
Comprimir,e2,104,106.875,46
Descomprimir,temp_comprimido_9.lzw,46,20.8206,104
Comprimir,e2,104,103.584,46
Descomprimir,temp_comprimido_10.lzw,46,20.8741,104
Comprimir,e2,104,103.377,46
Descomprimir,temp_comprimido_11.lzw,46,21.4442,104
Comprimir,e2,104,103.153,46
Descomprimir,temp_comprimido_12.lzw,46,20.7914,104
Comprimir,e2,104,103.693,46
Descomprimir,temp_comprimido_13.lzw,46,23.0394,104
Comprimir,e2,104,102.894,46
Descomprimir,temp_comprimido_14.lzw,46,22.0015,104
Comprimir,e2,104,103.614,46
Descomprimir,temp_comprimido_15.lzw,46,22.906,104
Comprimir,e2,104,103.607,46
Descomprimir,temp_comprimido_16.lzw,46,22.9506,104
Comprimir,e2,104,103.515,46
Descomprimir,temp_comprimido_17.lzw,46,23.0349,104
Comprimir,e2,104,103.704,46
Descomprimir,temp_comprimido_18.lzw,46,21.4732,104
Comprimir,e2,104,103.231,46
Descomprimir,temp_comprimido_19.lzw,46,22.9948,104
Comprimir,e2,104,102.974,46
Descomprimir,temp_comprimido_20.lzw,46,20.8172,104
Comprimir,e3,209,207.949,92
Descomprimir,temp_comprimido_1.lzw,93,41.5542,209
Comprimir,e3,209,205.786,92
Descomprimir,temp_comprimido_2.lzw,93,41.911,209
Comprimir,e3,209,205.614,92
Descomprimir,temp_comprimido_3.lzw,93,44.2583,209
Comprimir,e3,209,205.409,92
Descomprimir,temp_comprimido_4.lzw,93,44.6869,209
Comprimir,e3,209,206.736,92
Descomprimir,temp_comprimido_5.lzw,93,41.5745,209
Comprimir,e3,209,206.152,92
Descomprimir,temp_comprimido_6.lzw,93,46.1768,209
Comprimir,e3,209,207.061,92
Descomprimir,temp_comprimido_7.lzw,93,46.4279,209
Comprimir,e3,209,205.948,92
Descomprimir,temp_comprimido_8.lzw,93,46.2171,209
Comprimir,e3,209,205.875,92
Descomprimir,temp_comprimido_9.lzw,93,42.1702,209
Comprimir,e3,209,206.252,92
Descomprimir,temp_comprimido_10.lzw,93,46.2091,209
Comprimir,e3,209,205.985,92
Descomprimir,temp_comprimido_11.lzw,93,41.7059,209
Comprimir,e3,209,206.707,92
Descomprimir,temp_comprimido_12.lzw,93,41.634,209
Comprimir,e3,209,205.883,92
Descomprimir,temp_comprimido_13.lzw,93,43.6058,209
Comprimir,e3,209,206.02,92
Descomprimir,temp_comprimido_14.lzw,93,43.5906,209
Comprimir,e3,209,206.151,92
Descomprimir,temp_comprimido_15.lzw,93,43.1248,209
Comprimir,e3,209,205.923,92
Descomprimir,temp_comprimido_16.lzw,93,42.1916,209
Comprimir,e3,209,205.739,92
Descomprimir,temp_comprimido_17.lzw,93,41.5891,209
Comprimir,e3,209,205.888,92
Descomprimir,temp_comprimido_18.lzw,93,42.3052,209
Comprimir,e3,209,206.143,92
Descomprimir,temp_comprimido_19.lzw,93,41.5259,209
Comprimir,e3,209,205.87,92
Descomprimir,temp_comprimido_20.lzw,93,41.5906,209
